,City,Cloudiness,Country,Date,Humidity,Lat,Lng,Max Temp,Wind Speed
0,Ancud,75,CL,1563918605,100,-41.87,-73.83,33.8,2.91
1,Hermanus,96,ZA,1563897332,92,-34.42,19.24,55.0,18.01
2,Cape Town,75,ZA,1563897592,87,-33.93,18.42,55.99,28.86
3,Georgetown,20,GY,1563919951,100,6.8,-58.16,75.2,2.24
4,Sovetskiy,15,RU,1563902193,94,56.76,48.47,55.12,6.76
5,Znamenskoye,27,RU,1563896257,60,57.13,73.82,68.26,4.54
6,New Norfolk,75,AU,1563865408,54,-42.78,147.06,53.6,16.11
7,Busselton,100,AU,1563874355,84,-33.64,115.35,60.01,8.72
8,Tiksi,36,RU,0,32,71.64,128.87,71.14,25.75
9,Santa Maria,0,BR,1563915474,67,-16.02,-48.01,62.6,6.93
10,Praia,0,BR,1563914058,82,-20.25,-43.81,57.2,2.62
11,Port Alfred,0,ZA,1563895602,65,-33.59,26.89,55.99,4.0
12,Atuona,2,PF,1563851482,75,-9.8,-139.03,79.6,14.05
13,Vuktyl,3,RU,1563903797,72,63.86,57.31,66.28,10.49
14,Taoudenni,11,ML,1563908481,16,22.68,-3.98,90.76,3.94
15,Namatanai,98,PG,1563868480,85,-3.66,152.44,79.06,16.11
16,Mahibadhoo,100,MV,1563888211,75,3.78,72.97,83.92,11.54
17,Krivosheino,28,RU,1563893916,59,57.34,83.93,65.74,4.07
18,Jiangyou,2,CN,1563883459,52,31.78,104.73,81.94,5.3
19,Saint-Philippe,75,CA,1563928357,93,45.36,-73.48,68.0,4.79
20,Hithadhoo,48,MV,1563887797,75,-0.6,73.08,83.38,10.25
21,Vico Equense,0,IT,1563906417,88,40.66,14.43,75.99,1.12
22,Otane,89,NZ,1563858772,86,-39.89,176.62,51.01,1.01
23,Hambantota,20,LK,1563886464,70,6.12,81.12,86.0,11.41
24,Hailar,99,CN,1563882865,66,49.2,119.7,71.14,5.06
25,Charlottetown,90,CA,1563926051,77,46.23,-63.13,68.0,6.93
26,Yokadouma,53,CM,1563902089,99,3.52,15.05,66.28,1.97
27,Ashland,90,US,1563929351,94,38.48,-82.64,70.0,3.76
28,Baikunthpur,100,IN,1563887778,66,23.26,82.56,83.02,6.26
29,Ushuaia,75,AR,1563914500,97,-54.81,-68.31,32.0,16.11
30,Pevek,100,RU,0,98,69.7,170.27,31.72,12.55
31,Jamestown,46,AU,1563868827,61,-33.21,138.6,55.84,20.29
32,Bonthe,100,SL,1563909059,89,7.53,-12.5,75.64,14.03
33,Punta Arenas,20,CL,1563915585,80,-53.16,-70.91,33.8,24.16
34,Chara,20,GR,1563904295,78,39.42,22.43,77.0,4.7
35,Upernavik,0,GL,0,82,72.79,-56.15,43.6,8.3
36,Ribeira Grande,4,PT,1563916418,88,38.52,-28.7,71.86,17.92
37,Warman,40,CA,1563851611,56,52.32,-106.58,73.4,9.17
38,Necochea,0,AR,1563915490,96,-38.55,-58.74,34.0,4.65
39,Mataura,41,NZ,1563859560,93,-46.19,168.86,46.99,1.99
40,Khatanga,100,RU,0,55,71.98,102.47,60.16,14.07
41,Victoria,75,BN,1563878200,79,5.28,115.24,87.8,4.7
42,Avarua,24,CK,1563855379,73,-21.21,-159.78,75.2,14.99
43,Sturgeon Falls,90,CA,1563930108,87,46.36,-79.93,60.8,6.93
44,Hobart,75,AU,1563865326,54,-42.88,147.33,53.6,16.11
45,Madang,0,CN,1563884402,62,35.32,102.79,56.2,4.72
46,Cayenne,90,GF,1563918385,94,4.94,-52.33,75.2,3.31
47,Walvis Bay,0,NA,1563899784,96,-22.95,14.51,49.9,1.92
48,Longyearbyen,75,NO,0,81,78.22,15.63,46.4,2.24
49,Basco,1,US,1563845346,77,40.33,-91.2,70.0,7.9
50,Lavrentiya,97,RU,1563959941,79,65.58,-170.99,48.64,15.93
51,Santa Cruz,29,BR,1563913487,91,-6.22,-36.02,67.36,8.23
52,Iwanai,15,JP,1563876578,63,42.97,140.51,78.52,7.81
53,Dikson,100,RU,0,91,73.51,80.55,34.96,8.32
54,Yeppoon,0,AU,1563867061,36,-23.13,150.74,78.8,6.93
55,Mahebourg,75,MU,1563889673,68,-20.41,57.7,71.6,11.41
56,Cururupu,0,BR,1563915999,98,-1.82,-44.87,71.32,2.04
57,Sobolevo,100,RU,1563905359,99,54.43,31.9,59.62,1.79
58,Albany,90,US,1563927911,88,42.65,-73.75,66.2,5.82
59,Kodiak,1,US,1563846138,82,39.95,-94.76,69.01,8.05
60,Suntar,0,RU,1563888186,31,62.16,117.65,75.28,6.93
61,Half Moon Bay,20,US,1563852383,82,37.46,-122.43,71.6,17.22
62,Bethel,90,US,1563868093,64,60.79,-161.76,69.8,6.93
63,Altamira,30,BR,1563917640,80,-3.2,-52.21,73.48,1.12
64,San Patricio,96,PY,1563916483,86,-26.98,-56.83,68.44,3.76
65,Lorengau,63,PG,1563869866,74,-2.02,147.27,83.56,7.31
66,Novikovo,99,RU,1563902972,80,51.15,37.89,62.5,5.64
67,Port Elizabeth,1,US,1563927644,100,39.31,-74.98,79.0,4.74
68,Thompson,90,CA,1563850600,64,55.74,-97.86,69.8,2.24
69,Ayan,2,IR,1563898766,56,38.23,44.7,63.76,5.97
70,Ous,24,RU,1563900919,80,60.91,61.52,62.68,5.41
71,Ilulissat,0,GL,0,70,69.22,-51.1,44.6,10.27
72,Rio Gallegos,0,AR,1563915572,86,-51.62,-69.22,33.8,14.99
73,Rikitea,33,PF,1563849227,71,-23.12,-134.97,68.8,19.93
74,Provideniya,90,RU,1563959446,87,64.42,-173.23,50.0,13.42
75,Butaritari,100,KI,1563864191,69,3.07,172.79,85.36,8.03
76,Vilhena,0,BR,1563918693,50,-12.74,-60.15,72.58,2.13
77,Ibra,40,OM,1563893478,56,22.69,58.55,81.04,1.9
78,Marystown,0,CA,1563924338,87,47.17,-55.16,57.28,6.46
79,Broome,1,GB,1563912070,93,52.47,1.45,64.4,2.24
80,Zeven,0,DE,1563910434,100,53.3,9.28,62.01,4.7
81,Bubaque,100,GW,1563910200,89,11.28,-15.83,78.34,13.94
82,Souillac,0,FR,1563910926,64,45.6,-0.6,75.99,4.7
83,Tshikapa,0,CD,1563899834,33,-6.42,20.79,63.76,2.39
84,Shingu,40,JP,1563876216,79,33.72,135.99,84.2,6.93
85,Zaozerne,4,UA,1563906375,83,51.37,23.94,54.58,4.03
86,Alice Springs,0,AU,1563871049,21,-23.7,133.88,75.2,11.41
87,Arlit,0,NE,1563905345,30,18.74,7.39,94.0,11.63
88,Nikolskoye,0,RU,1563907672,82,59.7,30.79,57.2,3.56
89,Qaanaaq,100,GL,0,83,77.48,-69.36,38.56,16.22
90,Bibiani,82,GH,1563906516,99,6.45,-2.31,68.08,1.99
91,Yellowknife,20,CA,1563857709,38,62.45,-114.38,77.0,9.17
92,Esna,75,RO,1563904090,68,45.2,27.57,71.6,11.41
93,Zhangjiakou,0,CN,1563882341,50,40.77,114.88,75.46,11.14
94,Ahipara,80,NZ,1563860275,89,-35.17,173.16,61.0,19.75
95,Westport,90,US,1563927555,94,41.14,-73.36,73.99,6.93
96,Mount Gambier,75,AU,1563867683,100,-37.83,140.78,48.2,9.17
97,Sukhobuzimskoye,40,RU,1563891355,82,56.5,93.28,60.8,6.71
98,Creel,45,MX,1563847542,68,27.75,-107.63,60.88,2.89
99,San Cristobal,100,HN,1563841191,75,14.68,-86.92,67.9,4.81
100,Puerto Ayora,62,EC,1563840607,92,-0.74,-90.35,68.0,3.0
101,Lompoc,1,US,1563851501,87,34.64,-120.46,70.0,5.82
102,Plettenberg Bay,0,ZA,1563896388,42,-34.05,23.37,55.3,6.64
103,Turbat,85,PK,1563892762,69,26.0,63.05,82.84,2.91
104,Seoul,75,KR,1563878928,74,37.57,126.98,87.8,2.24
105,Tianjin,20,CN,1563881515,66,39.12,117.2,87.01,8.95
106,Masila,40,IN,1563886345,70,22.58,88.23,91.4,11.41
107,Arraial do Cabo,0,BR,1563913353,82,-22.97,-42.02,69.16,21.63
108,Mount Isa,0,AU,1563870006,13,-20.73,139.49,80.6,10.29
109,Nijkerk,90,NL,1563911034,93,52.22,5.48,64.99,3.36
110,Severo-Kurilsk,100,RU,1563874499,93,50.68,156.12,46.12,12.15
111,Fort Nelson,75,CA,1563857766,50,58.81,-122.69,78.8,3.36
112,Hilo,90,US,1563858046,83,19.71,-155.08,79.0,5.82
113,Tianpeng,26,CN,1563881273,68,28.88,112.34,91.66,4.34
114,East London,0,ZA,1563895429,62,-33.02,27.91,53.6,4.7
115,Alofi,2,NU,1563858027,64,-19.06,-169.92,73.4,6.93
116,San Borja,21,BO,1563920082,85,-14.86,-66.75,72.58,1.61
117,Shache,0,CN,1563890990,89,38.42,77.24,73.99,13.87
118,Kruisfontein,0,ZA,1563896068,33,-34.0,24.73,54.22,8.72
119,Saldanha,4,PT,1563911577,56,41.42,-6.55,71.32,4.25
120,Narasannapeta,97,IN,1563886921,70,18.42,84.04,85.36,0.6
121,Leh,0,IN,1563890289,38,34.16,77.58,47.74,3.74
122,Tasiilaq,0,GL,1563928050,93,65.61,-37.64,41.0,1.43
123,Katsuura,75,JP,1563876602,94,33.93,134.5,78.8,6.93
124,Crixas,100,BR,1563916083,54,-14.55,-49.97,69.7,6.2
125,Robertsport,100,LR,1563908717,91,6.75,-11.37,75.28,14.0
126,Manvi,100,IN,1563888359,71,16.0,77.05,79.6,13.31
127,Mayskiy,90,RU,1563899833,100,43.63,44.06,64.4,2.24
128,Vanino,98,RU,1563903128,81,53.93,40.55,61.0,3.98
129,Chivolo,86,CO,1563837801,92,10.03,-74.62,74.74,4.88
130,Aykhal,0,RU,1563892706,21,65.95,111.51,80.6,4.47
131,Kloulklubed,90,PW,1563873794,88,7.04,134.26,78.8,4.7
132,Iralaya,98,HN,1563840336,92,15.0,-83.23,76.0,2.57
133,Gandu,0,CN,1563884594,50,35.89,102.33,65.74,1.3
134,Mercedes,95,UY,1563916035,81,-33.25,-58.03,51.01,17.0
135,Hasaki,75,JP,1563875335,88,35.73,140.83,79.0,5.82
136,Quatre Cocos,75,MU,1563889678,68,-20.21,57.76,71.6,11.41
137,Laramie,40,US,1563848964,59,41.31,-105.59,66.2,10.29
138,Northam,40,AU,1563874286,72,-31.65,116.67,60.8,4.7
139,Sola,0,TZ,1563896999,53,-3.17,33.8,59.8,4.56
140,Chokurdakh,100,RU,0,50,70.62,147.9,46.12,4.61
141,Bredasdorp,0,ZA,1563897125,71,-34.53,20.04,55.4,4.7
142,Newport,75,US,1563927123,94,41.49,-71.31,72.0,9.13
143,Salalah,90,OM,1563893965,94,17.01,54.1,78.8,3.36
144,Harper,1,US,1563845838,51,30.3,-99.24,82.4,8.05
145,Carnot,100,CF,1563902018,94,4.94,15.87,68.08,2.35
146,Ust-Kalmanka,100,RU,1563892344,65,52.12,83.31,66.28,5.61
147,Mar del Plata,73,AR,1563916287,63,-46.43,-67.52,37.48,16.28
148,Houma,33,CN,1563882390,42,35.63,111.36,90.4,5.61
149,Yelbarga,100,IN,1563888570,78,15.63,76.02,75.82,19.08
150,Poltavka,100,RU,1563895780,83,54.36,71.76,65.74,3.58
151,Anadyr,20,RU,1563875719,50,64.73,177.51,57.2,11.18
152,Vaini,75,IN,1563888909,88,15.34,74.49,73.4,6.93
153,Pringsewu,1,ID,1563879721,44,-5.36,104.98,83.02,3.06
154,Zhigansk,47,RU,1563890852,21,66.77,123.37,71.14,4.65
155,Atar,21,MR,1563910431,16,20.52,-13.05,95.62,4.97
156,Olavarria,0,AR,1563916105,73,-36.89,-60.32,39.0,2.53
157,Cam Ranh,20,VN,1563880267,47,11.92,109.15,96.8,9.17
158,Atikokan,93,CA,1563847105,92,48.76,-91.62,58.54,4.79
159,Oskemen,75,KZ,1563891944,83,49.96,82.61,69.8,4.47
160,Deputatskiy,100,RU,0,38,69.3,139.9,55.3,7.16
161,Kenora,7,CA,1563848032,60,49.76,-94.48,69.8,10.29
162,Cortez,1,US,1563849044,28,37.35,-108.58,80.6,16.11
163,Barbosa,100,CO,1563837184,94,5.93,-73.61,64.48,4.38
164,Carnarvon,0,ZA,1563897068,38,-30.97,22.13,43.96,13.98
165,Bitkine,100,TD,1563902096,81,11.98,18.21,76.18,2.77
166,Dongying,100,CN,1563880901,84,37.43,118.67,79.06,5.57
167,Egvekinot,100,RU,1563962680,95,66.32,-179.17,44.5,3.67
168,Cherskiy,100,RU,1563886101,95,68.75,161.3,37.3,10.09
169,Velingara,0,SN,1563910464,78,13.64,-16.01,78.8,4.7
170,Great Falls,1,US,1563851535,53,47.5,-111.29,78.8,3.36
171,Umm Kaddadah,65,SD,1563900213,71,13.6,26.69,76.72,13.8
172,Lagoa,0,PT,1563911351,88,37.14,-8.45,73.99,2.24
173,Nantucket,40,US,1563926797,100,41.28,-70.1,73.4,14.99
174,Luderitz,0,NA,1563899235,90,-26.65,15.16,54.58,11.92
175,Nishihara,75,JP,1563875648,78,35.74,139.53,88.0,5.82
176,Raudeberg,75,NO,1563915039,93,61.99,5.14,60.01,10.29
177,Surgut,0,RU,1563898257,44,61.25,73.4,75.2,11.18
178,Kapaa,20,US,1563859310,83,22.08,-159.32,78.8,6.71
179,Sao Filipe,53,CV,1563912621,87,14.9,-24.5,75.46,15.05
180,Ilhabela,89,BR,1563914071,73,-23.78,-45.36,72.4,8.5
181,Castro,75,CL,1563918489,100,-42.48,-73.76,33.8,2.04
182,Sitka,0,US,1563846875,64,37.17,-99.65,69.01,1.01
183,Esperance,90,AU,1563872757,82,-33.86,121.89,60.8,14.99
184,Vaitape,99,PF,1563853912,81,-16.52,-151.75,79.42,16.87
185,Cheremshan,0,RU,1563900732,89,54.66,51.51,57.46,8.3
186,Margate,75,AU,1563865318,54,-43.03,147.26,53.6,16.11
187,Ukiah,1,US,1563852833,32,39.15,-123.21,80.6,3.04
188,Tessalit,55,ML,1563907024,37,20.2,1.01,88.78,3.53
189,Isangel,40,VU,1563862975,57,-19.55,169.27,75.2,9.17
190,Clyde River,1,CA,0,100,70.47,-68.59,39.2,2.24
191,Kindu,83,CD,1563898909,65,-2.95,25.92,68.62,2.84
192,Husavik,70,CA,1563848836,59,50.56,-96.99,66.99,10.33
193,Cairns,90,AU,1563868872,73,-16.92,145.77,73.99,16.11
194,Green River,20,US,1563849933,35,41.53,-109.47,69.8,14.99
195,Khuzhir,99,RU,1563886887,48,53.19,107.35,75.46,2.82
196,Constitucion,99,MX,1563846404,72,23.99,-104.67,64.99,4.0
197,Tuktoyaktuk,75,CA,0,82,69.44,-133.03,55.4,5.82
198,Bluff,0,AU,1563867415,42,-23.58,149.07,73.48,4.47
199,Gizo,20,IL,1563900205,78,31.8,34.94,77.0,9.17
200,Norman Wells,75,CA,1563862898,64,65.28,-126.83,71.6,3.36
201,New Glasgow,100,CA,1563925806,89,45.59,-62.65,66.99,4.0
202,Ust-Tsilma,98,RU,1563906388,90,65.44,52.15,56.74,7.81
203,Poum,20,MK,1563905015,77,41.28,20.71,62.6,5.82
204,Codrington,0,AU,1563865826,34,-28.95,153.24,78.8,8.05
205,Nanortalik,100,GL,1563926106,97,60.14,-45.24,39.1,3.06
206,Golden,1,US,1563848616,60,39.76,-105.22,70.0,5.82
207,Pangnirtung,85,CA,1563935341,71,66.15,-65.72,45.76,2.64
208,Tual,89,ID,1563873028,80,-5.67,132.75,76.9,18.32
209,Ponta do Sol,84,BR,1563914546,82,-20.63,-46.0,56.92,6.73
210,Biltine,100,TD,1563901684,69,14.53,20.93,79.6,16.58
211,Panalingaan,92,PH,1563877993,69,8.78,117.42,83.56,2.26
212,Douglas,40,US,1563860339,72,58.28,-134.39,73.4,6.93
213,Goderich,0,CA,1563930019,66,43.74,-81.71,66.0,16.84
214,Wewak,100,PG,1563870604,69,-3.55,143.63,82.84,3.6
215,Portland,90,US,1563927256,93,43.66,-70.25,64.4,0.51
216,Bulgan,100,MN,1563886650,94,48.81,103.53,55.12,7.02
217,Miramar,40,CR,1563840232,73,10.09,-84.73,72.0,8.05
218,Dakar,75,SN,1563910909,83,14.69,-17.45,77.0,3.36
219,Ourem,90,PT,1563911771,100,39.64,-8.59,64.99,6.93
220,Monte Alegre,0,BR,1563918191,82,-2.0,-54.07,73.66,2.44
221,Tuatapere,0,NZ,1563859853,93,-46.13,167.69,46.99,3.0
222,Cabo San Lucas,40,MX,1563847541,69,22.89,-109.91,82.0,11.41
223,Changde,0,CN,1563881450,64,29.04,111.68,92.02,5.88
224,Vao,100,EE,1563908496,72,59.1,26.19,60.34,3.85
225,Sioux Lookout,75,CA,1563847503,93,50.1,-91.92,60.8,6.08
226,San Quintin,0,PH,1563878079,67,17.54,120.52,86.08,4.9
227,Nouakchott,37,MR,1563910887,88,18.08,-15.98,75.2,5.82
228,Saskylakh,100,RU,0,40,71.97,114.09,74.38,14.81
229,Whyalla,0,AU,1563869094,48,-33.04,137.58,64.4,23.04
230,Sinnamary,69,GF,1563918576,77,5.38,-52.96,80.32,11.41
231,Severnoye,0,RU,1563900303,90,54.09,52.54,57.1,8.3
232,Cidreira,100,BR,1563914533,89,-30.17,-50.22,64.3,5.88
233,Katobu,0,ID,1563875546,47,-4.94,122.53,83.92,9.78
234,Rosarito,40,CO,1563837481,94,4.91,-75.23,68.0,3.36
235,Yumen,0,CN,1563886540,24,40.29,97.04,79.42,13.87
236,Port Lincoln,51,AU,1563869290,74,-34.72,135.86,59.08,37.07
237,Faanui,99,PF,1563853915,81,-16.48,-151.75,79.42,16.87
238,Bintulu,75,MY,1563878543,79,3.17,113.03,84.2,3.36
239,Puerto Narino,75,CO,1563835545,100,-3.77,-70.38,73.4,1.5
240,Turukhansk,28,RU,1563898182,42,65.8,87.96,73.84,4.9
241,Barrow,0,AR,1563915882,63,-38.31,-60.23,39.28,6.17
242,Vila Franca do Campo,20,PT,1563915511,88,37.72,-25.43,69.8,4.7
243,Rogers,1,US,1563845423,77,36.33,-94.12,73.0,5.82
244,Talara,5,PE,1563838086,89,-4.58,-81.27,65.02,20.74
245,Kamaishi,75,JP,1563875625,83,39.28,141.86,75.2,8.05
246,Hutchinson,0,US,1563846597,64,38.06,-97.93,73.4,5.82
247,Bela,57,PK,1563892006,65,26.23,66.31,85.0,2.98
248,Ishim,100,RU,1563896921,95,56.11,69.47,61.78,4.81
249,Klaksvik,33,FO,1563917994,100,62.23,-6.59,51.8,4.7
250,Oranjestad,20,AW,1563923322,78,12.52,-70.03,82.4,23.04
251,Lodja,1,CD,1563899416,48,-3.52,23.6,68.26,0.6
252,Soyo,0,AO,1563901881,91,-6.13,12.37,70.6,8.08
253,Porto Velho,0,BR,1563919947,88,-8.75,-63.87,75.2,0.85
254,Petropavlovsk-Kamchatskiy,40,RU,1563874546,68,53.05,158.65,64.4,4.47
255,Leningradskiy,82,RU,0,88,69.38,178.42,38.92,12.57
256,Shaoyang,20,CN,1563881291,77,27.23,111.45,84.46,4.7
257,Kaitangata,48,NZ,1563859305,88,-46.28,169.85,50.0,8.01
258,Muyezerskiy,40,RU,1563909996,68,63.93,31.65,58.36,2.57
259,Huambo,0,AO,1563900475,34,-12.78,15.73,46.84,0.4
260,Yulara,0,AU,1563871579,17,-25.24,130.99,71.6,11.41
261,Eydhafushi,97,MV,1563888305,78,5.1,73.07,83.56,13.24
262,Visby,0,SE,1563909767,77,57.64,18.3,64.0,5.82
263,Warri,100,NG,1563904498,91,5.52,5.75,75.1,6.8
264,Sabang,86,PH,1563877575,82,13.8,121.11,84.0,1.99
265,Iqaluit,75,CA,1563933852,100,63.75,-68.52,37.4,3.36
266,Geraldton,90,CA,1563932546,100,49.72,-86.95,59.0,5.82
267,Lucea,20,JM,1563839462,78,18.44,-78.17,80.6,8.05
268,Dingle,100,PH,1563876937,71,11.0,122.67,84.46,5.28
269,Ambilobe,85,MG,1563892440,75,-13.19,49.05,68.44,7.25
270,Noumea,0,NC,1563863374,56,-22.28,166.46,71.6,17.22
271,Pochutla,75,MX,1563843585,88,15.74,-96.47,77.0,8.05
272,Padang,67,ID,1563881222,67,-0.92,100.36,82.3,4.63
273,Winslow,9,GB,1563912481,93,51.94,-0.88,63.0,1.12
274,Sorland,0,NO,1563918685,87,67.67,12.69,55.4,2.24
275,Salinopolis,2,BR,1563916703,78,-0.61,-47.36,81.76,15.3
276,Siavonga,0,ZW,1563897008,85,-16.54,28.71,54.76,8.84
277,La Palma,100,CO,1563837320,91,5.36,-74.39,69.88,2.84
278,Tevaitoa,99,PF,1563853827,80,-16.78,-151.5,78.7,16.28
279,Guiratinga,97,BR,1563916824,53,-16.35,-53.76,70.96,4.65
280,Paamiut,9,GL,1563928170,95,61.99,-49.67,39.1,4.05
281,Jalu,0,LY,1563903073,44,29.03,21.55,71.86,10.56
282,Mount Pleasant,75,US,1563845184,69,33.16,-94.97,80.6,5.82
283,Ninghai,40,CN,1563879144,63,29.29,121.42,97.0,11.18
284,Makinsk,99,KZ,1563895579,81,52.63,70.42,64.3,11.74
285,Ambulu,0,ID,1563877383,80,-8.35,113.61,74.2,9.06
286,Ostrovnoy,96,RU,1563913015,61,68.05,39.51,53.32,4.94
287,Grindavik,20,IS,1563922880,100,63.84,-22.43,53.6,5.82
288,Bambanglipuro,94,ID,1563878218,77,-7.95,110.28,76.18,14.0
289,Fairbanks,1,US,1563867491,34,64.84,-147.72,80.6,4.7
290,Shimoda,75,JP,1563875645,94,34.7,138.93,84.2,11.41
291,Dubasari,0,MD,1563904136,82,47.26,29.16,68.0,3.36
292,Maryville,90,US,1563929267,100,35.76,-83.97,72.0,4.56
293,Lata,5,IN,1563889596,75,30.78,78.62,50.98,5.19
294,Nouadhibou,0,MR,1563911428,78,20.93,-17.03,71.6,26.4
295,Jagodina,0,RS,1563905367,100,43.98,21.26,59.0,1.12
296,Teya,90,MX,1563842345,88,21.05,-89.07,73.4,10.29
297,Te Anau,1,NZ,1563859981,77,-45.41,167.72,45.58,1.07
298,Meulaboh,71,ID,1563882685,72,4.14,96.13,81.04,7.18
299,Trujillo,100,VE,1563923130,80,9.37,-70.44,71.5,4.36
300,Mulchen,8,CL,1563918848,98,-37.72,-72.23,35.14,4.0
301,Antsla,100,EE,1563907871,100,57.83,26.53,60.8,3.36
302,Quelimane,40,MZ,1563894917,93,-17.88,36.89,59.0,3.36
303,Kirakira,64,SB,1563865596,77,-10.46,161.92,81.22,20.11
304,Fort Saint James,62,CA,1563856486,90,54.43,-124.25,55.12,16.93
305,Bhabua,97,IN,1563887721,53,25.04,83.61,93.28,10.31
306,Kavieng,74,PG,1563868970,75,-2.57,150.8,83.2,6.62
307,Caravelas,1,BR,1563913214,80,-17.73,-39.27,72.76,11.39
308,Port Hedland,0,AU,1563875068,13,-20.31,118.58,80.6,17.22
309,Vardo,90,US,1563928355,93,39.62,-77.74,73.0,11.41
310,Yerbogachen,100,RU,1563889981,37,61.28,108.01,76.72,12.06
311,Grimshaw,20,CA,1563855496,61,56.19,-117.61,77.0,2.24
312,Richards Bay,0,ZA,1563894940,34,-28.77,32.06,65.74,6.73
313,Rongcheng,100,CN,1563879961,70,37.16,122.42,84.82,12.26
314,Novozavidovskiy,100,RU,1563905001,93,56.55,36.43,58.36,3.89
315,Batticaloa,79,LK,1563886471,57,7.71,81.69,84.1,6.06
316,Mbanza-Ngungu,0,CD,1563901359,88,-5.25,14.87,64.48,4.0
317,Hameenlinna,0,FI,1563909847,100,61.0,24.46,60.01,2.21
318,Buarcos,90,PT,1563911925,100,40.16,-8.88,64.0,6.93
319,Puerto Escondido,75,MX,1563843741,88,15.86,-97.07,75.2,8.05
320,Calama,0,CL,1563919866,14,-22.46,-68.93,51.01,12.75
321,Singaraja,1,ID,1563877051,70,-8.11,115.08,77.8,3.62
322,Roanoke Rapids,40,US,1563927851,100,36.46,-77.65,75.0,3.36
323,Beringovskiy,100,RU,1563873989,66,63.05,179.32,52.6,1.7
324,Nabire,100,ID,1563872572,84,-3.36,135.5,73.84,5.68
325,Guerrero Negro,0,MX,1563849106,85,27.97,-114.04,68.26,9.33
326,Sal Rei,75,CV,1563912365,83,16.18,-22.92,75.2,14.99
327,Atambua,10,ID,1563874607,62,-9.11,124.89,77.62,7.99
328,Yar-Sale,22,RU,1563903500,66,66.83,70.83,57.1,13.65
329,De-Kastri,94,RU,1563878391,93,51.48,140.77,65.02,4.18
330,Tilichiki,100,RU,1563875627,60,60.47,166.1,57.64,8.25
331,Sept-Iles,75,CA,1563927732,87,50.2,-66.38,57.99,2.24
332,Touros,75,BR,1563913443,88,-5.2,-35.46,75.2,4.7
333,Retz,0,AT,1563907641,68,48.76,15.95,71.01,6.93
334,Sabzevar,0,IR,1563895351,10,36.21,57.68,76.72,3.38
335,Lebowakgomo,0,ZA,1563896035,60,-24.3,29.54,41.0,3.36
336,Bucerias,90,MX,1563846217,61,20.76,-105.33,82.4,5.82
337,Rio Grande,100,BR,1563914762,98,-32.03,-52.1,57.0,3.67
338,Rome,0,IT,1563907094,64,41.89,12.48,77.0,2.24
339,Cristalina,62,BR,1563915307,76,-16.77,-47.61,59.8,5.75
340,China,67,MX,1563845293,65,25.71,-99.24,82.3,14.97
341,Kongsvinger,90,NO,1563912411,100,60.19,12.01,59.0,4.7
342,Sorong,92,ID,1563873813,86,-0.86,131.25,78.16,11.36
343,Kieta,43,PG,1563867487,73,-6.22,155.63,83.38,8.12
344,Zhangye,100,CN,1563885502,51,38.94,100.46,63.76,6.62
345,Vila do Maio,40,CV,1563912336,69,15.13,-23.22,77.0,12.75
346,Thames,0,NZ,1563859432,76,-37.14,175.55,60.01,10.29
347,Daru,100,PG,1563870213,84,-9.07,143.21,79.42,11.95
348,Kushima,75,JP,1563877051,52,31.5,131.29,91.4,8.05
349,Iquitos,75,PE,1563836235,88,-3.75,-73.25,75.2,6.93
350,Karratha,69,AU,1563875440,15,-20.74,116.85,73.84,14.76
351,Moron,5,HT,1563924919,76,18.56,-74.26,80.32,4.38
352,Faya,0,SA,1563896897,30,18.39,42.45,75.2,1.59
353,Mildura,75,AU,1563867848,45,-34.18,142.16,62.6,17.22
354,Pisco,90,PE,1563836041,82,-13.71,-76.2,61.0,5.82
355,Penzance,0,GB,1563913120,93,50.12,-5.53,64.99,10.29
356,Los Llanos de Aridane,20,ES,1563912498,68,28.66,-17.92,69.8,12.75
357,Haines Junction,100,CA,1563862260,88,60.75,-137.51,56.74,4.68
358,Torbay,20,CA,1563923863,93,47.66,-52.73,55.99,10.29
359,Camacha,20,PT,1563912672,82,33.08,-16.33,68.0,10.29
360,Ozernovskiy,95,RU,1563874619,93,51.5,156.52,47.56,9.17
361,Itarema,0,BR,1563914714,80,-2.92,-39.92,75.46,7.94
362,Jaciara,58,BR,1563917154,52,-15.95,-54.98,69.16,2.71
363,Teeli,49,RU,1563890392,70,51.01,90.2,60.52,4.92
364,Saint-Leu,75,RE,1563890180,72,-21.15,55.28,68.0,9.17
365,Phalombe,8,MW,1563895412,96,-15.81,35.65,49.0,5.77
366,Tiznit,11,MA,1563910659,95,29.7,-9.73,66.1,3.6
367,Maymyo,90,MM,1563884309,83,22.03,96.47,84.2,11.41
368,Pacific Grove,75,US,1563852135,82,36.62,-121.92,75.0,4.7
369,Hofn,100,IS,1563921469,93,64.25,-15.21,40.72,10.07
370,Hamilton,90,CA,1563929489,88,43.26,-79.87,69.01,5.82
371,Rincon,75,PA,1563839495,94,8.46,-82.28,77.0,3.36
372,Tazovskiy,91,RU,1563902568,76,67.47,78.7,50.08,15.86
373,Ambon,0,FR,1563911807,88,47.55,-2.56,66.99,10.29
374,Riyadh,0,SA,1563896527,13,24.63,46.72,91.4,6.93
375,Tura,100,RU,1563893842,39,64.27,100.22,73.3,13.6
376,Tucuman,24,PE,1563834438,40,-17.17,-70.89,52.42,3.29
377,Chiknayakanhalli,100,IN,1563888215,87,13.42,76.62,69.7,9.04
378,Bilibino,100,RU,1563882733,91,68.06,166.44,36.22,5.93
379,Sao Paulo de Olivenca,97,BR,1563921622,90,-3.38,-68.87,74.74,2.51
380,Odessa,90,US,1563846786,93,31.85,-102.37,69.8,10.29
381,Lodwar,100,KE,1563897121,56,3.12,35.6,79.42,11.27
382,Carolina,40,PR,1563922910,74,18.38,-65.96,82.4,6.93
383,Camabatela,90,AO,1563900977,94,-8.19,15.37,60.88,1.79
384,Rantepao,28,ID,1563876351,50,-2.97,119.9,72.94,4.9
385,Guarapari,75,BR,1563913221,94,-20.67,-40.5,68.0,1.12
386,Male,100,UA,1563903870,97,50.74,33.7,59.08,5.88
387,Rawson,0,AR,1563916274,62,-43.3,-65.11,38.92,15.41
388,Cap Malheureux,75,MU,1563889737,68,-19.98,57.61,71.6,11.41
389,Chunskiy,93,RU,1563889680,50,56.08,99.63,77.44,3.13
390,Banda Aceh,50,ID,1563883006,67,5.56,95.32,83.2,5.93
391,Port Shepstone,0,ZA,1563895097,15,-30.74,30.45,63.22,10.98
392,Santiago del Estero,100,AR,1563918175,24,-27.8,-64.26,55.84,7.58
393,Dukat,0,AL,1563905116,58,40.25,19.57,78.01,2.91
394,Vanimo,100,PG,1563871241,69,-2.67,141.3,83.2,6.93
395,Olot,0,ES,1563909541,88,42.18,2.49,75.99,3.36
396,Port-Gentil,83,GA,1563903219,85,-0.72,8.78,75.46,17.58
397,Saint-Pierre,0,FR,1563910494,82,48.95,4.24,60.8,6.93
398,Port Victoria,73,AU,1563868928,75,-34.5,137.49,57.28,23.29
399,La Cruz,98,MX,1563846929,80,23.92,-106.89,82.99,1.01
400,Avera,1,US,1563928568,61,33.19,-82.53,82.4,11.41
401,Talaya,20,RU,1563893111,72,55.79,84.89,63.0,6.71
402,Kolno,40,PL,1563907434,93,53.41,21.93,55.4,3.36
403,Jijiang,40,CN,1563879401,56,29.8,120.61,95.0,8.95
404,Pinellas Park,1,US,1563927943,94,27.84,-82.7,79.0,2.08
405,Kalmunai,79,LK,1563886413,57,7.42,81.82,84.1,6.06
406,Ostersund,40,SE,1563913526,93,63.18,14.64,57.2,5.82
407,Burnie,97,AU,1563865966,71,-41.05,145.91,48.99,7.0
408,Ulladulla,0,AU,1563865695,22,-35.36,150.48,69.8,17.22
409,Riachao das Neves,67,BR,1563915126,51,-11.75,-44.91,69.7,5.44
410,Hay River,40,CA,1563857093,77,60.82,-115.79,68.0,8.05
411,Save,100,BJ,1563905507,94,8.04,2.49,72.04,5.91
412,Tyukhtet,0,RU,1563892321,62,56.54,89.31,62.68,4.0
413,Nieuw Amsterdam,20,SR,1563919129,94,5.88,-55.08,77.0,1.12
414,Nisia Floresta,75,BR,1563913305,69,-6.09,-35.21,78.8,10.29
415,Irricana,75,CA,1563853019,56,51.32,-113.6,72.0,6.93
416,Mehamn,0,NO,0,77,71.03,27.85,60.8,2.24
417,Hovd,75,NO,1563914938,93,63.83,10.7,62.01,6.93
418,Prince Rupert,40,CA,1563857906,68,54.32,-130.32,66.2,3.36
419,Qasigiannguit,0,GL,1563936867,70,68.82,-51.19,44.6,7.25
420,Angoche,59,MZ,1563894349,85,-16.23,39.91,64.48,6.46
421,Talakan,100,RU,1563880596,88,50.29,130.28,69.52,5.28
422,Dzhubga,0,RU,1563901249,81,44.32,38.7,64.3,8.88
423,Svarstad,0,NO,1563912521,100,59.4,9.97,62.01,4.7
424,Basoko,100,CD,1563899832,87,1.23,23.61,71.5,1.03
425,Airai,0,TL,1563874498,34,-8.93,125.41,85.0,1.59
426,Zigong,98,CN,1563883142,92,29.34,104.78,73.66,3.85
427,Paris,0,FR,1563910926,68,48.86,2.35,71.6,4.7
428,Roald,75,NO,1563915169,100,62.58,6.12,60.01,9.17
429,Kawalu,55,ID,1563878766,67,-7.38,108.21,74.74,5.82
430,Uhlove,0,UA,1563902569,68,44.82,33.6,74.02,3.56
431,Kharagauli,90,GE,1563899747,100,42.01,43.2,69.8,4.7
432,Chuy,100,UY,1563914882,89,-33.69,-53.46,54.04,13.85
433,Yabelo,86,ET,1563896681,87,4.89,38.09,58.72,0.56
434,Bang Mun Nak,97,TH,1563882764,65,16.03,100.38,88.24,2.15
435,Esil,90,KZ,1563896352,69,51.96,66.41,68.26,10.36
436,Rawlins,1,US,1563849443,55,41.79,-107.24,64.4,11.41
437,Teguise,92,ES,1563911500,77,29.06,-13.56,69.8,10.29
438,Beyneu,0,KZ,1563897490,39,45.32,55.19,81.76,20.92
439,High Level,90,CA,1563856306,64,58.52,-117.13,71.6,3.36
440,Porvoo,0,FI,1563909246,88,60.4,25.66,64.99,5.82
441,Independencia,56,MX,1563844157,93,20.06,-97.05,67.36,2.73
442,Jacareacanga,75,BR,1563918706,57,-6.22,-57.76,80.14,1.79
443,Tecolutla,99,MX,1563844285,94,17.31,-98.74,61.42,3.36
444,Vostok,100,RU,1563878381,95,46.45,135.83,67.18,2.55
445,Kidal,87,ML,1563906750,36,18.44,1.41,87.34,11.01
446,Tromso,75,NO,0,87,69.65,18.96,57.99,16.11
447,Poronaysk,96,RU,1563877258,71,49.22,143.1,76.0,9.4
448,Acajutla,100,SV,1563841785,74,13.59,-89.83,85.0,5.37
449,Okhotsk,2,RU,1563880562,52,59.36,143.24,60.34,11.81
450,Baturaja,22,ID,1563880025,60,-4.12,104.17,81.94,5.08
451,Teahupoo,40,PF,1563853190,74,-17.83,-149.27,78.8,16.11
452,Chiredzi,0,ZW,1563895858,72,-21.05,31.67,47.74,2.39
453,Ler,0,NO,1563914580,59,63.2,10.3,66.2,4.7
454,Waingapu,5,ID,1563875669,45,-9.65,120.26,81.58,17.78
455,Brae,100,GB,1563915718,93,60.4,-1.35,60.8,17.22
456,Road Town,1,VG,1563922592,78,18.42,-64.62,82.4,10.29
457,Aginskoye,100,RU,1563884582,78,51.11,114.54,64.99,5.35
458,Saint George,20,GR,1563904322,78,39.45,22.34,77.0,4.7
459,Mackenzie,1,CA,1563856510,47,55.34,-123.09,75.2,3.36
460,Honiara,40,SB,1563866160,62,-9.43,159.96,89.6,8.05
461,Maragogi,1,BR,1563913047,94,-9.01,-35.22,69.34,4.36
462,Verkhnevilyuysk,0,RU,1563888405,30,63.45,120.31,73.84,4.52
463,Iki-Burul,5,RU,1563900118,50,45.82,44.65,75.2,4.47
464,Zaporizhzhya,40,UA,1563902816,77,47.82,35.18,69.8,7.31
465,Lasa,0,CY,1563901201,64,34.92,32.53,75.2,8.05
466,Ahmadnagar,0,IN,1563889217,78,19.09,74.75,78.7,2.24
467,Timbiqui,100,CO,1563837875,84,2.77,-77.67,79.24,16.13
468,Miranda,65,BR,1563917076,57,-20.24,-56.38,71.86,1.25
469,Sao Joao da Barra,2,BR,1563913256,96,-21.64,-41.05,63.94,1.68
470,Bathsheba,40,BB,1563920865,78,13.22,-59.52,82.4,23.04
471,Ban Phai,75,TH,1563882315,70,16.55,102.46,87.8,5.82
472,Totoral,27,PE,1563835362,97,-13.66,-73.35,45.76,1.81
473,Inhambane,0,MZ,1563894678,88,-23.87,35.38,52.6,6.67
474,Rocha,100,UY,1563914992,83,-34.48,-54.34,49.9,5.84
475,Talnakh,75,RU,0,87,69.49,88.39,55.4,20.13
476,Uruacu,99,BR,1563915886,52,-14.52,-49.14,71.14,8.23
477,Arkadak,0,RU,1563901842,73,51.94,43.49,61.96,4.0
478,Rach Gia,75,VN,1563881068,75,10.02,105.08,89.6,9.17
479,Bambous Virieux,75,MU,1563889666,68,-20.34,57.76,71.6,11.41
480,Vallenar,0,CL,1563919648,83,-28.58,-70.76,44.68,2.13
481,Luba,0,PH,1563878014,67,17.32,120.7,86.08,4.9
482,Korcula,20,HR,1563906167,60,42.96,17.14,71.6,4.7
483,Hobyo,79,SO,1563894216,67,5.35,48.53,75.46,22.17
484,Campobello di Mazara,0,IT,1563906343,78,37.64,12.74,80.01,1.12
485,America Dourada,0,BR,1563914319,83,-11.46,-41.44,61.24,9.46
486,Toamasina,20,MG,1563891890,72,-18.17,49.38,62.6,11.41
487,Saint Anthony,1,US,1563850905,53,43.97,-111.68,73.99,9.17
488,Gat,75,SN,1563910691,83,14.69,-16.54,78.8,3.36
489,Buala,90,SB,1563866364,85,-8.15,159.59,79.6,15.68
490,Lebu,75,ET,1563896894,87,8.96,38.73,55.4,6.93
491,Mikhaylovka,100,RU,1563887793,97,52.96,103.29,60.52,5.12
492,Tutoia,13,BR,1563915293,92,-2.76,-42.27,72.94,2.28
493,Port Moresby,90,PG,1563869229,78,-9.47,147.16,82.4,11.41
494,Tignere,67,CM,1563903008,96,7.37,12.65,64.12,0.69
495,Lincoln,0,GB,1563912768,88,53.23,-0.54,62.6,4.7
496,Bonnyville,20,CA,1563853195,57,54.27,-110.74,77.0,4.7
497,Morant Bay,20,JM,1563838983,61,17.88,-76.41,82.4,6.93
498,Dunedin,71,NZ,1563859227,82,-45.87,170.5,51.01,13.0
499,Tepla,0,IN,1563889938,50,30.31,76.95,93.1,3.24
500,Port Hardy,40,CA,1563856169,68,50.7,-127.42,64.4,13.87
501,Galle,100,GN,1563909369,98,10.08,-12.83,71.14,2.95
502,Victor Harbor,75,AU,1563868518,72,-35.55,138.62,60.01,23.04
503,Hundested,15,DK,1563910684,93,55.97,11.85,63.0,10.29
504,Perry,1,US,1563928428,94,30.12,-83.58,81.0,10.33
505,Altay,74,CN,1563890119,59,47.83,88.13,63.04,5.41
506,Bandarbeyla,97,SO,1563894043,47,9.49,50.81,78.7,27.11
507,Yarada,20,IN,1563887028,74,17.65,83.27,86.0,2.24
508,Namibe,56,AO,1563901111,87,-15.19,12.15,63.58,17.05
509,Dzhebariki-Khaya,0,RU,1563883874,28,62.22,135.8,71.5,7.72
510,Prainha,0,BR,1563918067,81,-1.8,-53.48,75.1,3.02
511,Ranong,20,TH,1563882613,70,9.96,98.62,87.8,5.82
512,Oranjemund,59,ZA,1563898718,91,-28.55,16.43,55.48,22.12
513,Borborema,100,BR,1563915183,66,-21.62,-49.07,67.0,5.75
514,Jiayuguan,23,CN,1563886155,30,39.77,98.29,75.82,19.37
515,Havre-Saint-Pierre,40,CA,1563927072,87,50.23,-63.6,51.8,5.82
516,Marsh Harbour,68,BS,1563926440,78,26.54,-77.06,83.92,18.9
517,Coquimbo,0,CL,1563919630,70,-29.95,-71.34,48.2,3.36
518,San Vicente,75,EC,1563838234,83,-0.59,-80.41,73.4,9.17
519,Capim Grosso,39,BR,1563913983,98,-11.38,-40.01,61.24,3.15
520,Amahai,73,ID,1563874137,78,-3.31,129.0,76.54,13.76
521,College,1,US,1563867528,34,64.86,-147.8,81.0,3.36
522,Brownsville,1,US,1563844895,88,25.91,-97.49,84.0,5.82
523,Tagusao,76,PH,1563877937,70,9.19,117.81,83.56,5.28
524,Toba,40,JP,1563876117,74,34.47,136.83,96.01,4.7
525,Lukovetskiy,20,RU,1563907819,66,64.29,41.92,55.4,4.47
526,Campina Verde,87,BR,1563915491,65,-19.54,-49.49,66.82,6.38
527,Palmerston,0,AU,1563872835,19,-12.49,130.99,91.0,17.22
528,General Roca,0,AR,1563917542,46,-39.03,-67.58,32.0,1.12
529,North Bend,90,US,1563853808,77,43.41,-124.22,64.99,9.17
530,Severo-Yeniseyskiy,80,RU,1563893084,75,60.37,93.04,64.12,7.18
531,Eureka,1,US,1563853331,87,40.8,-124.16,62.01,5.82
